Actual,RNN,LSTM,GRU
214.66000366210935,219.49933,221.97896,221.6599
211.7899932861328,220.03632,223.75366,223.97202
212.9149932861328,218.6084,224.08026,224.53787
208.6100006103516,220.2461,224.39554,224.14621
204.0500030517578,218.35829,222.60768,222.57062
202.0,216.21222,219.65062,219.91426
